scope,input,n,algo,millis,compares,moves,extraBytes,maxDepth,sorted,stable
kinds,random,4000,quickSort,0.444,52846,75393,8,26,1,1
kinds,random,4000,shellSort,0.942,84482,126457,8,1,1,1
kinds,random,4000,patienceSort,0.427,64336,8000,128008,1,1,1
kinds,sorted,4000,quickSort,10.324,7998000,0,8,3999,1,1
kinds,sorted,4000,shellSort,0.167,40006,80012,8,1,1,1
kinds,sorted,4000,patienceSort,0.467,120068,8000,128008,1,1,1
kinds,reversed,4000,quickSort,10.681,7998000,6000,8,3999,1,1
kinds,reversed,4000,shellSort,0.456,58816,102812,8,1,1,1
kinds,reversed,4000,patienceSort,0.031,3999,8000,128008,1,1,1
kinds,few-unique,4000,quickSort,1.341,1011892,39177,8,530,1,0
kinds,few-unique,4000,shellSort,0.438,51467,93049,8,1,1,0
kinds,few-unique,4000,patienceSort,0.541,95782,8000,128008,1,1,1
growth,random,1000,quickSort,0.082,11084,16752,8,21,1,1
growth,random,1000,shellSort,0.168,14720,23236,8,1,1,1
growth,random,1000,patienceSort,0.085,13230,2000,32008,1,1,1
growth,random,2000,quickSort,0.168,24433,29529,8,22,1,1
growth,random,2000,shellSort,0.411,35885,54895,8,1,1,1
growth,random,2000,patienceSort,0.183,29110,4000,64008,1,1,1
growth,random,4000,quickSort,0.384,52846,75393,8,26,1,1
growth,random,4000,shellSort,0.878,84482,126457,8,1,1,1
growth,random,4000,patienceSort,0.414,64336,8000,128008,1,1,1
growth,random,8000,quickSort,0.848,112030,154557,8,28,1,1
growth,random,8000,shellSort,1.997,204896,296915,8,1,1,1
growth,random,8000,patienceSort,0.953,141108,16000,256008,1,1,1
